,generation,time_elapsed
0,1,314.161171
1,2,616.2633069999999
2,3,1849.0867469999998
3,4,1866.6171989999998
4,5,1885.6628559999997
5,6,1905.6174889999998
6,7,1926.4984629999997
7,8,1950.4888259999996
8,9,1974.2759399999995
9,10,2000.1565559999995
