time,core_0,core_1,core_2,core_3,core_4,core_5,core_6,core_7,core_8,core_9,core_10,core_11
0.00024,10.0,21.7,7.9,26.9,10.0,5.6,8.2,36.7,7.4,33.2,11.8,5.9
0.010861,50.0,100.0,0.0,0.0,0.0,0.0,0.0,0.0,0.0,100.0,0.0,0.0
0.021333,0.0,100.0,0.0,0.0,0.0,0.0,50.0,0.0,0.0,0.0,0.0,0.0
