time,core_0,core_1,core_2,core_3,core_4,core_5,core_6,core_7,core_8,core_9,core_10,core_11
0.000236,7.6,15.7,8.2,17.8,8.8,5.9,7.3,21.8,7.7,19.5,8.0,5.6
0.010896,0.0,0.0,0.0,0.0,0.0,100.0,0.0,0.0,50.0,100.0,0.0,0.0
0.021314,50.0,0.0,0.0,0.0,0.0,0.0,0.0,50.0,0.0,0.0,100.0,0.0
