time,core_0,core_1,core_2,core_3,core_4,core_5,core_6,core_7,core_8,core_9,core_10,core_11
0.000267,10.0,23.7,8.1,26.0,12.1,6.6,8.7,38.9,8.0,29.4,12.9,6.4
0.010881,0.0,0.0,0.0,0.0,0.0,50.0,100.0,0.0,0.0,0.0,100.0,50.0
0.021419,0.0,50.0,100.0,50.0,0.0,0.0,0.0,100.0,100.0,66.7,0.0,0.0
0.031919,0.0,0.0,0.0,0.0,100.0,100.0,50.0,100.0,0.0,0.0,0.0,50.0
0.042405,100.0,0.0,50.0,0.0,100.0,0.0,0.0,100.0,50.0,0.0,50.0,0.0
